"0","cos(c(0, pi / 4, pi / 2, pi))    # pi是内置常数
"
"1","[1]"
"1","  1.000000e+00"
"1","  7.071068e-01"
"1","  6.123234e-17"
"1"," -1.000000e+00"
"1","
"
"0","log(c(10, 100, 1000, 10000), base = 10)"
"1","[1]"
"1"," 1"
"1"," 2"
"1"," 3"
"1"," 4"
"1","
"
"0","exp(1:5)"
"1","[1]"
"1","   2.718282"
"1","   7.389056"
"1","  20.085537"
"1","  54.598150"
"1"," 148.413159"
"1","
"
